[{"model": "contenttypes.contenttype", "pk": 1, "fields": {"app_label": "admin", "model": "logentry"}}, {"model": "contenttypes.contenttype", "pk": 2, "fields": {"app_label": "auth", "model": "permission"}}, {"model": "contenttypes.contenttype", "pk": 3, "fields": {"app_label": "auth", "model": "group"}}, {"model": "contenttypes.contenttype", "pk": 4, "fields": {"app_label": "auth", "model": "user"}}, {"model": "contenttypes.contenttype", "pk": 5, "fields": {"app_label": "contenttypes", "model": "contenttype"}}, {"model": "contenttypes.contenttype", "pk": 6, "fields": {"app_label": "sessions", "model": "session"}}, {"model": "contenttypes.contenttype", "pk": 7, "fields": {"app_label": "api", "model": "restaurant"}}, {"model": "contenttypes.contenttype", "pk": 8, "fields": {"app_label": "api", "model": "profile"}}, {"model": "contenttypes.contenttype", "pk": 9, "fields": {"app_label": "api", "model": "menu"}}, {"model": "contenttypes.contenttype", "pk": 10, "fields": {"app_label": "api", "model": "donation"}}, {"model": "contenttypes.contenttype", "pk": 11, "fields": {"app_label": "api", "model": "donationbasket"}}, {"model": "sessions.session", "pk": "6nb6gviox6nuqvf6mdmcdqqeccken83n", "fields": {"session_data": "Nzg0MjYzMzJjZDdlY2E0MDA0ZjU3OGVhZWNiYzExOGJjOTczZTQ0NDp7Il9hdXRoX3VzZXJfaWQiOiIxIiwiX2F1dGhfdXNlcl9iYWNrZW5kIjoiZGphbmdvLmNvbnRyaWIuYXV0aC5iYWNrZW5kcy5Nb2RlbEJhY2tlbmQiLCJfYXV0aF91c2VyX2hhc2giOiIxMzJmODNlZTFhMDA5ZWI0YjQ0MTIxZTk4ZGQ1Y2FlMmI3MThiYTNhIn0=", "expire_date": "2020-04-20T19:18:46.317Z"}}, {"model": "sessions.session", "pk": "ewz8uojj2ei2dj9r37zxu43j7x4xwely", "fields": {"session_data": "Nzg0MjYzMzJjZDdlY2E0MDA0ZjU3OGVhZWNiYzExOGJjOTczZTQ0NDp7Il9hdXRoX3VzZXJfaWQiOiIxIiwiX2F1dGhfdXNlcl9iYWNrZW5kIjoiZGphbmdvLmNvbnRyaWIuYXV0aC5iYWNrZW5kcy5Nb2RlbEJhY2tlbmQiLCJfYXV0aF91c2VyX2hhc2giOiIxMzJmODNlZTFhMDA5ZWI0YjQ0MTIxZTk4ZGQ1Y2FlMmI3MThiYTNhIn0=", "expire_date": "2020-04-14T19:27:27.240Z"}}, {"model": "sessions.session", "pk": "tfu1t4708ok96b5wqarn7fp0s4dpv7mi", "fields": {"session_data": "Nzg0MjYzMzJjZDdlY2E0MDA0ZjU3OGVhZWNiYzExOGJjOTczZTQ0NDp7Il9hdXRoX3VzZXJfaWQiOiIxIiwiX2F1dGhfdXNlcl9iYWNrZW5kIjoiZGphbmdvLmNvbnRyaWIuYXV0aC5iYWNrZW5kcy5Nb2RlbEJhY2tlbmQiLCJfYXV0aF91c2VyX2hhc2giOiIxMzJmODNlZTFhMDA5ZWI0YjQ0MTIxZTk4ZGQ1Y2FlMmI3MThiYTNhIn0=", "expire_date": "2020-04-16T17:20:03.715Z"}}, {"model": "sessions.session", "pk": "tpc5u5gw9487n7tziab8o1m6y61q410b", "fields": {"session_data": "Nzg0MjYzMzJjZDdlY2E0MDA0ZjU3OGVhZWNiYzExOGJjOTczZTQ0NDp7Il9hdXRoX3VzZXJfaWQiOiIxIiwiX2F1dGhfdXNlcl9iYWNrZW5kIjoiZGphbmdvLmNvbnRyaWIuYXV0aC5iYWNrZW5kcy5Nb2RlbEJhY2tlbmQiLCJfYXV0aF91c2VyX2hhc2giOiIxMzJmODNlZTFhMDA5ZWI0YjQ0MTIxZTk4ZGQ1Y2FlMmI3MThiYTNhIn0=", "expire_date": "2020-04-19T16:39:07.941Z"}}, {"model": "api.menu", "pk": 1, "fields": {"name": "Chicken Strips - 5 pcs", "original_price": "20.000", "discount": "50.000", "description": "new", "image": "13664_Quality_SitePhotos_CaniacCombo_Final_QLCdI1E.jpg", "available_qty": 0, "restaurant": 1, "total": "0.000"}}, {"model": "api.menu", "pk": 2, "fields": {"name": "Chicken Strips - 10 pcs", "original_price": "30.000", "discount": "75.000", "description": "Stripsss", "image": "13664_Quality_SitePhotos_CaniacCombo_Final_VuiFQgK.jpg", "available_qty": 0, "restaurant": 1, "total": "0.000"}}, {"model": "api.menu", "pk": 3, "fields": {"name": "Stripps", "original_price": "5.300", "discount": "50.000", "description": "Finger licking good...", "image": "13664_Quality_SitePhotos_CaniacCombo_Final_2YnPKc3.jpg", "available_qty": 0, "restaurant": 1, "total": "0.000"}}, {"model": "api.menu", "pk": 4, "fields": {"name": "Chknnnn  Stripps", "original_price": "9.000", "discount": "75.000", "description": "Finger licking good...", "image": "13664_Quality_SitePhotos_CaniacCombo_Final_kGFD3iS.jpg", "available_qty": 0, "restaurant": 1, "total": "0.000"}}, {"model": "api.menu", "pk": 5, "fields": {"name": "Chknnnn Burger", "original_price": "4.000", "discount": "25.000", "description": "Finger licking good...", "image": "13664_Quality_SitePhotos_CaniacCombo_Final_Ygd4RoV.jpg", "available_qty": 0, "restaurant": 1, "total": "0.000"}}, {"model": "api.menu", "pk": 6, "fields": {"name": "Chknnnn Burger", "original_price": "4.000", "discount": "25.000", "description": "Finger licking good...", "image": "13664_Quality_SitePhotos_CaniacCombo_Final_ucGIQH6.jpg", "available_qty": 0, "restaurant": 1, "total": "0.000"}}, {"model": "api.donationbasket", "pk": 1, "fields": {"restaurant": 1, "single_restaurant_total": "18.550", "date": "2020-04-02", "total_donation_recieved": "0.000"}}, {"model": "api.donationbasket", "pk": 2, "fields": {"restaurant": 1, "single_restaurant_total": "18.550", "date": "2020-04-02", "total_donation_recieved": "0.000"}}, {"model": "api.donationbasket", "pk": 3, "fields": {"restaurant": 1, "single_restaurant_total": "126.050", "date": "2020-04-02", "total_donation_recieved": "0.000"}}, {"model": "api.donationbasket", "pk": 4, "fields": {"restaurant": 1, "single_restaurant_total": "126.050", "date": "2020-04-04", "total_donation_recieved": "0.000"}}, {"model": "api.donationbasket", "pk": 5, "fields": {"restaurant": 1, "single_restaurant_total": "126.050", "date": "2020-04-04", "total_donation_recieved": "0.000"}}, {"model": "api.donationbasket", "pk": 6, "fields": {"restaurant": 1, "single_restaurant_total": "126.050", "date": "2020-04-05", "total_donation_recieved": "161.000"}}, {"model": "api.donationbasket", "pk": 8, "fields": {"restaurant": 1, "single_restaurant_total": "10.000", "date": "2020-04-06", "total_donation_recieved": "16.000"}}, {"model": "api.donationbasket", "pk": 11, "fields": {"restaurant": 1, "single_restaurant_total": "15.000", "date": "2020-04-11", "total_donation_recieved": "10.000"}}, {"model": "api.donationbasket", "pk": 12, "fields": {"restaurant": 1, "single_restaurant_total": "136.750", "date": "2020-04-12", "total_donation_recieved": "0.000"}}, {"model": "api.donationbasket", "pk": 13, "fields": {"restaurant": 1, "single_restaurant_total": "55.000", "date": "2020-04-13", "total_donation_recieved": "0.000"}}, {"model": "api.donationbasket", "pk": 14, "fields": {"restaurant": 1, "single_restaurant_total": "60.300", "date": "2020-04-14", "total_donation_recieved": "40.000"}}, {"model": "auth.permission", "pk": 1, "fields": {"name": "Can add log entry", "content_type": 1, "codename": "add_logentry"}}, {"model": "auth.permission", "pk": 2, "fields": {"name": "Can change log entry", "content_type": 1, "codename": "change_logentry"}}, {"model": "auth.permission", "pk": 3, "fields": {"name": "Can delete log entry", "content_type": 1, "codename": "delete_logentry"}}, {"model": "auth.permission", "pk": 4, "fields": {"name": "Can view log entry", "content_type": 1, "codename": "view_logentry"}}, {"model": "auth.permission", "pk": 5, "fields": {"name": "Can add permission", "content_type": 2, "codename": "add_permission"}}, {"model": "auth.permission", "pk": 6, "fields": {"name": "Can change permission", "content_type": 2, "codename": "change_permission"}}, {"model": "auth.permission", "pk": 7, "fields": {"name": "Can delete permission", "content_type": 2, "codename": "delete_permission"}}, {"model": "auth.permission", "pk": 8, "fields": {"name": "Can view permission", "content_type": 2, "codename": "view_permission"}}, {"model": "auth.permission", "pk": 9, "fields": {"name": "Can add group", "content_type": 3, "codename": "add_group"}}, {"model": "auth.permission", "pk": 10, "fields": {"name": "Can change group", "content_type": 3, "codename": "change_group"}}, {"model": "auth.permission", "pk": 11, "fields": {"name": "Can delete group", "content_type": 3, "codename": "delete_group"}}, {"model": "auth.permission", "pk": 12, "fields": {"name": "Can view group", "content_type": 3, "codename": "view_group"}}, {"model": "auth.permission", "pk": 13, "fields": {"name": "Can add user", "content_type": 4, "codename": "add_user"}}, {"model": "auth.permission", "pk": 14, "fields": {"name": "Can change user", "content_type": 4, "codename": "change_user"}}, {"model": "auth.permission", "pk": 15, "fields": {"name": "Can delete user", "content_type": 4, "codename": "delete_user"}}, {"model": "auth.permission", "pk": 16, "fields": {"name": "Can view user", "content_type": 4, "codename": "view_user"}}, {"model": "auth.permission", "pk": 17, "fields": {"name": "Can add content type", "content_type": 5, "codename": "add_contenttype"}}, {"model": "auth.permission", "pk": 18, "fields": {"name": "Can change content type", "content_type": 5, "codename": "change_contenttype"}}, {"model": "auth.permission", "pk": 19, "fields": {"name": "Can delete content type", "content_type": 5, "codename": "delete_contenttype"}}, {"model": "auth.permission", "pk": 20, "fields": {"name": "Can view content type", "content_type": 5, "codename": "view_contenttype"}}, {"model": "auth.permission", "pk": 21, "fields": {"name": "Can add session", "content_type": 6, "codename": "add_session"}}, {"model": "auth.permission", "pk": 22, "fields": {"name": "Can change session", "content_type": 6, "codename": "change_session"}}, {"model": "auth.permission", "pk": 23, "fields": {"name": "Can delete session", "content_type": 6, "codename": "delete_session"}}, {"model": "auth.permission", "pk": 24, "fields": {"name": "Can view session", "content_type": 6, "codename": "view_session"}}, {"model": "auth.permission", "pk": 25, "fields": {"name": "Can add restaurant", "content_type": 7, "codename": "add_restaurant"}}, {"model": "auth.permission", "pk": 26, "fields": {"name": "Can change restaurant", "content_type": 7, "codename": "change_restaurant"}}, {"model": "auth.permission", "pk": 27, "fields": {"name": "Can delete restaurant", "content_type": 7, "codename": "delete_restaurant"}}, {"model": "auth.permission", "pk": 28, "fields": {"name": "Can view restaurant", "content_type": 7, "codename": "view_restaurant"}}, {"model": "auth.permission", "pk": 29, "fields": {"name": "Can add profile", "content_type": 8, "codename": "add_profile"}}, {"model": "auth.permission", "pk": 30, "fields": {"name": "Can change profile", "content_type": 8, "codename": "change_profile"}}, {"model": "auth.permission", "pk": 31, "fields": {"name": "Can delete profile", "content_type": 8, "codename": "delete_profile"}}, {"model": "auth.permission", "pk": 32, "fields": {"name": "Can view profile", "content_type": 8, "codename": "view_profile"}}, {"model": "auth.permission", "pk": 33, "fields": {"name": "Can add menu", "content_type": 9, "codename": "add_menu"}}, {"model": "auth.permission", "pk": 34, "fields": {"name": "Can change menu", "content_type": 9, "codename": "change_menu"}}, {"model": "auth.permission", "pk": 35, "fields": {"name": "Can delete menu", "content_type": 9, "codename": "delete_menu"}}, {"model": "auth.permission", "pk": 36, "fields": {"name": "Can view menu", "content_type": 9, "codename": "view_menu"}}, {"model": "auth.permission", "pk": 37, "fields": {"name": "Can add donation", "content_type": 10, "codename": "add_donation"}}, {"model": "auth.permission", "pk": 38, "fields": {"name": "Can change donation", "content_type": 10, "codename": "change_donation"}}, {"model": "auth.permission", "pk": 39, "fields": {"name": "Can delete donation", "content_type": 10, "codename": "delete_donation"}}, {"model": "auth.permission", "pk": 40, "fields": {"name": "Can view donation", "content_type": 10, "codename": "view_donation"}}, {"model": "auth.permission", "pk": 41, "fields": {"name": "Can add donation basket", "content_type": 11, "codename": "add_donationbasket"}}, {"model": "auth.permission", "pk": 42, "fields": {"name": "Can change donation basket", "content_type": 11, "codename": "change_donationbasket"}}, {"model": "auth.permission", "pk": 43, "fields": {"name": "Can delete donation basket", "content_type": 11, "codename": "delete_donationbasket"}}, {"model": "auth.permission", "pk": 44, "fields": {"name": "Can view donation basket", "content_type": 11, "codename": "view_donationbasket"}}, {"model": "auth.user", "pk": 1, "fields": {"password": "pbkdf2_sha256$150000$wd0hF0RNdYYT$fkVPPdjrbcBL3/0NIBl8scL2t4O6ciM8+MnJ0eoqS1Y=", "last_login": "2020-04-06T19:18:46.314Z", "is_superuser": true, "username": "admin", "first_name": "", "last_name": "", "email": "", "is_staff": true, "is_active": true, "date_joined": "2020-03-31T18:57:56.143Z", "groups": [], "user_permissions": []}}, {"model": "auth.user", "pk": 2, "fields": {"password": "pbkdf2_sha256$150000$t9NrZpMqaHEi$pvh2loY8DCM3cV+KCt3lbdi4AEV3DZTmLgLvUlKVBec=", "last_login": null, "is_superuser": false, "username": "raising_cane", "first_name": "Raising", "last_name": "Cane", "email": "info@raisingcanes.com", "is_staff": false, "is_active": true, "date_joined": "2020-04-01T16:29:17Z", "groups": [], "user_permissions": []}}, {"model": "auth.user", "pk": 3, "fields": {"password": "pbkdf2_sha256$150000$3YFChD5UVc78$IeGq1QpJc/QpEEmAHOJ1l5QW+d2jLHioHDyaj9FYL/c=", "last_login": null, "is_superuser": false, "username": "Sasa", "first_name": "Sarah", "last_name": "A", "email": "bla@bla.com", "is_staff": false, "is_active": true, "date_joined": "2020-04-06T19:34:21.593Z", "groups": [], "user_permissions": []}}, {"model": "api.donation", "pk": 8, "fields": {"user": 1, "amount": "17.000", "date": "2020-04-01", "active": false}}, {"model": "api.donation", "pk": 9, "fields": {"user": 1, "amount": "17.000", "date": "2020-04-01", "active": false}}, {"model": "api.donation", "pk": 10, "fields": {"user": 1, "amount": "6.000", "date": "2020-04-04", "active": false}}, {"model": "api.donation", "pk": 11, "fields": {"user": 1, "amount": "15.000", "date": "2020-04-04", "active": false}}, {"model": "api.donation", "pk": 12, "fields": {"user": 1, "amount": "55.000", "date": "2020-04-04", "active": false}}, {"model": "api.donation", "pk": 13, "fields": {"user": 1, "amount": "50.000", "date": "2020-04-05", "active": false}}, {"model": "api.donation", "pk": 14, "fields": {"user": 1, "amount": "23.000", "date": "2020-04-05", "active": false}}, {"model": "api.donation", "pk": 15, "fields": {"user": 1, "amount": "12.000", "date": "2020-04-05", "active": false}}, {"model": "api.donation", "pk": 16, "fields": {"user": 1, "amount": "5.000", "date": "2020-04-05", "active": false}}, {"model": "api.donation", "pk": 17, "fields": {"user": 1, "amount": "76.000", "date": "2020-04-05", "active": false}}, {"model": "api.donation", "pk": 18, "fields": {"user": 1, "amount": "7.000", "date": "2020-04-06", "active": false}}, {"model": "api.donation", "pk": 19, "fields": {"user": 1, "amount": "9.000", "date": "2020-04-06", "active": false}}, {"model": "api.donation", "pk": 25, "fields": {"user": 3, "amount": "10.000", "date": "2020-04-06", "active": false}}, {"model": "api.donation", "pk": 29, "fields": {"user": 3, "amount": "10.000", "date": "2020-04-06", "active": false}}, {"model": "api.donation", "pk": 30, "fields": {"user": 3, "amount": "10.000", "date": "2020-04-07", "active": false}}, {"model": "api.donation", "pk": 32, "fields": {"user": 3, "amount": "10.000", "date": "2020-04-07", "active": false}}, {"model": "api.donation", "pk": 33, "fields": {"user": 3, "amount": "15.000", "date": "2020-04-07", "active": false}}, {"model": "api.donation", "pk": 34, "fields": {"user": 3, "amount": "20.000", "date": "2020-04-07", "active": false}}, {"model": "api.donation", "pk": 35, "fields": {"user": 1, "amount": "15.000", "date": "2020-04-07", "active": false}}, {"model": "api.donation", "pk": 37, "fields": {"user": 1, "amount": "10.000", "date": "2020-04-11", "active": false}}, {"model": "api.donation", "pk": 38, "fields": {"user": 1, "amount": "10.000", "date": "2020-04-12", "active": false}}, {"model": "api.donation", "pk": 39, "fields": {"user": 1, "amount": "10.000", "date": "2020-04-12", "active": false}}, {"model": "api.donation", "pk": 40, "fields": {"user": 1, "amount": "5.000", "date": "2020-04-12", "active": false}}, {"model": "api.donation", "pk": 41, "fields": {"user": 1, "amount": "5.000", "date": "2020-04-14", "active": false}}, {"model": "api.donation", "pk": 42, "fields": {"user": 1, "amount": "10.000", "date": "2020-04-14", "active": false}}, {"model": "api.donation", "pk": 43, "fields": {"user": 1, "amount": "5.000", "date": "2020-04-14", "active": false}}, {"model": "api.donation", "pk": 44, "fields": {"user": 1, "amount": "6.000", "date": "2020-04-14", "active": false}}, {"model": "api.donation", "pk": 70, "fields": {"user": 1, "amount": "5.000", "date": "2020-04-14", "active": false}}, {"model": "api.donation", "pk": 71, "fields": {"user": 1, "amount": "2.000", "date": "2020-04-14", "active": false}}, {"model": "api.donation", "pk": 72, "fields": {"user": 1, "amount": "5.000", "date": "2020-04-14", "active": false}}, {"model": "api.donation", "pk": 73, "fields": {"user": 1, "amount": "2.000", "date": "2020-04-14", "active": false}}, {"model": "api.restaurant", "pk": 1, "fields": {"user": 2, "name": "Raising Cane's", "location": "Salmiya", "description": "Chicken Fingersss....", "image": "raising_RqCGS3f.png"}}, {"model": "admin.logentry", "pk": 1, "fields": {"action_time": "2020-03-31T19:27:37.856Z", "user": 1, "content_type": 10, "object_id": "6", "object_repr": "admin: 11.000", "action_flag": 3, "change_message": ""}}, {"model": "admin.logentry", "pk": 2, "fields": {"action_time": "2020-03-31T19:27:37.860Z", "user": 1, "content_type": 10, "object_id": "5", "object_repr": "admin: 10.500", "action_flag": 3, "change_message": ""}}, {"model": "admin.logentry", "pk": 3, "fields": {"action_time": "2020-03-31T19:27:37.863Z", "user": 1, "content_type": 10, "object_id": "4", "object_repr": "admin: 10.000", "action_flag": 3, "change_message": ""}}, {"model": "admin.logentry", "pk": 4, "fields": {"action_time": "2020-03-31T19:27:37.865Z", "user": 1, "content_type": 10, "object_id": "3", "object_repr": "admin: 10.000", "action_flag": 3, "change_message": ""}}, {"model": "admin.logentry", "pk": 5, "fields": {"action_time": "2020-03-31T19:27:37.867Z", "user": 1, "content_type": 10, "object_id": "2", "object_repr": "admin: 10.000", "action_flag": 3, "change_message": ""}}, {"model": "admin.logentry", "pk": 6, "fields": {"action_time": "2020-03-31T19:27:37.869Z", "user": 1, "content_type": 10, "object_id": "1", "object_repr": "admin: 10.000", "action_flag": 3, "change_message": ""}}, {"model": "admin.logentry", "pk": 7, "fields": {"action_time": "2020-04-01T15:31:38.381Z", "user": 1, "content_type": 10, "object_id": "7", "object_repr": "admin: 11.000", "action_flag": 3, "change_message": ""}}, {"model": "admin.logentry", "pk": 8, "fields": {"action_time": "2020-04-01T16:17:49.318Z", "user": 1, "content_type": 10, "object_id": "8", "object_repr": "admin: 17.000", "action_flag": 2, "change_message": "[{\"changed\": {\"fields\": [\"active\"]}}]"}}, {"model": "admin.logentry", "pk": 9, "fields": {"action_time": "2020-04-01T16:29:17.424Z", "user": 1, "content_type": 4, "object_id": "2", "object_repr": "raising_cane", "action_flag": 1, "change_message": "[{\"added\": {}}]"}}, {"model": "admin.logentry", "pk": 10, "fields": {"action_time": "2020-04-01T16:29:43.602Z", "user": 1, "content_type": 7, "object_id": "1", "object_repr": "Raising Cane's", "action_flag": 1, "change_message": "[{\"added\": {}}]"}}, {"model": "admin.logentry", "pk": 11, "fields": {"action_time": "2020-04-01T16:30:14.022Z", "user": 1, "content_type": 9, "object_id": "1", "object_repr": "Chicken Strips - 5 pcs", "action_flag": 1, "change_message": "[{\"added\": {}}]"}}, {"model": "admin.logentry", "pk": 12, "fields": {"action_time": "2020-04-01T16:30:48.103Z", "user": 1, "content_type": 9, "object_id": "2", "object_repr": "Chicken Strips - 10 pcs", "action_flag": 1, "change_message": "[{\"added\": {}}]"}}, {"model": "admin.logentry", "pk": 13, "fields": {"action_time": "2020-04-02T17:20:03.702Z", "user": 1, "content_type": 4, "object_id": "2", "object_repr": "raising_cane", "action_flag": 2, "change_message": "[{\"changed\": {\"fields\": [\"password\"]}}]"}}, {"model": "admin.logentry", "pk": 14, "fields": {"action_time": "2020-04-02T18:50:58.790Z", "user": 1, "content_type": 9, "object_id": "1", "object_repr": "Chicken Strips - 5 pcs", "action_flag": 2, "change_message": "[{\"changed\": {\"fields\": [\"total\"]}}]"}}, {"model": "admin.logentry", "pk": 15, "fields": {"action_time": "2020-04-02T18:51:18.682Z", "user": 1, "content_type": 9, "object_id": "1", "object_repr": "Chicken Strips - 5 pcs", "action_flag": 2, "change_message": "[{\"changed\": {\"fields\": [\"total\"]}}]"}}, {"model": "admin.logentry", "pk": 16, "fields": {"action_time": "2020-04-02T18:51:43.935Z", "user": 1, "content_type": 9, "object_id": "2", "object_repr": "Chicken Strips - 10 pcs", "action_flag": 2, "change_message": "[{\"changed\": {\"fields\": [\"total\"]}}]"}}, {"model": "admin.logentry", "pk": 17, "fields": {"action_time": "2020-04-04T18:03:11.651Z", "user": 1, "content_type": 10, "object_id": "10", "object_repr": "admin: 6", "action_flag": 1, "change_message": "[{\"added\": {}}]"}}, {"model": "admin.logentry", "pk": 18, "fields": {"action_time": "2020-04-04T18:03:19.008Z", "user": 1, "content_type": 10, "object_id": "11", "object_repr": "admin: 15", "action_flag": 1, "change_message": "[{\"added\": {}}]"}}, {"model": "admin.logentry", "pk": 19, "fields": {"action_time": "2020-04-04T18:03:26.357Z", "user": 1, "content_type": 10, "object_id": "12", "object_repr": "admin: 55", "action_flag": 1, "change_message": "[{\"added\": {}}]"}}, {"model": "admin.logentry", "pk": 20, "fields": {"action_time": "2020-04-05T14:58:59.614Z", "user": 1, "content_type": 10, "object_id": "13", "object_repr": "admin: 50", "action_flag": 1, "change_message": "[{\"added\": {}}]"}}, {"model": "admin.logentry", "pk": 21, "fields": {"action_time": "2020-04-05T14:59:06.680Z", "user": 1, "content_type": 10, "object_id": "14", "object_repr": "admin: 23", "action_flag": 1, "change_message": "[{\"added\": {}}]"}}, {"model": "admin.logentry", "pk": 22, "fields": {"action_time": "2020-04-05T14:59:12.551Z", "user": 1, "content_type": 10, "object_id": "15", "object_repr": "admin: 12", "action_flag": 1, "change_message": "[{\"added\": {}}]"}}, {"model": "admin.logentry", "pk": 23, "fields": {"action_time": "2020-04-05T16:53:19.971Z", "user": 1, "content_type": 10, "object_id": "15", "object_repr": "admin: 12.000", "action_flag": 2, "change_message": "[{\"changed\": {\"fields\": [\"active\"]}}]"}}, {"model": "admin.logentry", "pk": 24, "fields": {"action_time": "2020-04-05T16:55:11.258Z", "user": 1, "content_type": 10, "object_id": "9", "object_repr": "admin: 17.000", "action_flag": 2, "change_message": "[{\"changed\": {\"fields\": [\"active\"]}}]"}}, {"model": "admin.logentry", "pk": 25, "fields": {"action_time": "2020-04-05T16:56:05.563Z", "user": 1, "content_type": 10, "object_id": "10", "object_repr": "admin: 6.000", "action_flag": 2, "change_message": "[{\"changed\": {\"fields\": [\"active\"]}}]"}}, {"model": "admin.logentry", "pk": 26, "fields": {"action_time": "2020-04-05T19:38:08.902Z", "user": 1, "content_type": 11, "object_id": "7", "object_repr": "2020-04-05: Raising Cane's", "action_flag": 3, "change_message": ""}}, {"model": "admin.logentry", "pk": 27, "fields": {"action_time": "2020-04-05T19:45:01.761Z", "user": 1, "content_type": 10, "object_id": "17", "object_repr": "admin: 76", "action_flag": 1, "change_message": "[{\"added\": {}}]"}}, {"model": "admin.logentry", "pk": 28, "fields": {"action_time": "2020-04-06T13:49:00.633Z", "user": 1, "content_type": 10, "object_id": "18", "object_repr": "admin: 7", "action_flag": 1, "change_message": "[{\"added\": {}}]"}}, {"model": "admin.logentry", "pk": 29, "fields": {"action_time": "2020-04-06T13:49:07.399Z", "user": 1, "content_type": 10, "object_id": "19", "object_repr": "admin: 9", "action_flag": 1, "change_message": "[{\"added\": {}}]"}}, {"model": "admin.logentry", "pk": 30, "fields": {"action_time": "2020-04-06T19:21:46.383Z", "user": 1, "content_type": 7, "object_id": "1", "object_repr": "Raising Cane's", "action_flag": 2, "change_message": "[{\"changed\": {\"fields\": [\"image\"]}}]"}}, {"model": "admin.logentry", "pk": 31, "fields": {"action_time": "2020-04-06T20:12:24.616Z", "user": 1, "content_type": 10, "object_id": "20", "object_repr": "Sasa: 10.000", "action_flag": 3, "change_message": ""}}, {"model": "admin.logentry", "pk": 32, "fields": {"action_time": "2020-04-06T20:27:59.847Z", "user": 1, "content_type": 10, "object_id": "21", "object_repr": "Sasa: 10.000", "action_flag": 3, "change_message": ""}}, {"model": "admin.logentry", "pk": 33, "fields": {"action_time": "2020-04-06T20:32:06.699Z", "user": 1, "content_type": 10, "object_id": "22", "object_repr": "Sasa: 10.000", "action_flag": 3, "change_message": ""}}, {"model": "admin.logentry", "pk": 34, "fields": {"action_time": "2020-04-06T20:35:42.463Z", "user": 1, "content_type": 10, "object_id": "23", "object_repr": "Sasa: 10.000", "action_flag": 3, "change_message": ""}}, {"model": "admin.logentry", "pk": 35, "fields": {"action_time": "2020-04-06T20:37:56.501Z", "user": 1, "content_type": 10, "object_id": "24", "object_repr": "Sasa: 10.000", "action_flag": 3, "change_message": ""}}, {"model": "admin.logentry", "pk": 36, "fields": {"action_time": "2020-04-06T20:44:25.626Z", "user": 1, "content_type": 10, "object_id": "26", "object_repr": "Sasa: 10.000", "action_flag": 3, "change_message": ""}}, {"model": "admin.logentry", "pk": 37, "fields": {"action_time": "2020-04-06T20:53:30.127Z", "user": 1, "content_type": 10, "object_id": "27", "object_repr": "Sasa: 10.000", "action_flag": 3, "change_message": ""}}, {"model": "admin.logentry", "pk": 38, "fields": {"action_time": "2020-04-06T20:54:06.553Z", "user": 1, "content_type": 10, "object_id": "28", "object_repr": "Sasa: 10.000", "action_flag": 3, "change_message": ""}}, {"model": "admin.logentry", "pk": 39, "fields": {"action_time": "2020-04-07T12:03:18.860Z", "user": 1, "content_type": 10, "object_id": "31", "object_repr": "Sasa: 10.000", "action_flag": 3, "change_message": ""}}, {"model": "admin.logentry", "pk": 40, "fields": {"action_time": "2020-04-08T17:29:18.916Z", "user": 1, "content_type": 4, "object_id": "2", "object_repr": "raising_cane", "action_flag": 2, "change_message": "[{\"changed\": {\"fields\": [\"first_name\", \"last_name\", \"email\"]}}]"}}, {"model": "admin.logentry", "pk": 41, "fields": {"action_time": "2020-04-11T19:11:37.965Z", "user": 1, "content_type": 10, "object_id": "36", "object_repr": "admin: 76", "action_flag": 1, "change_message": "[{\"added\": {}}]"}}, {"model": "admin.logentry", "pk": 42, "fields": {"action_time": "2020-04-11T21:22:05.865Z", "user": 1, "content_type": 10, "object_id": "37", "object_repr": "admin: 65", "action_flag": 1, "change_message": "[{\"added\": {}}]"}}, {"model": "admin.logentry", "pk": 43, "fields": {"action_time": "2020-04-11T21:22:17.339Z", "user": 1, "content_type": 10, "object_id": "37", "object_repr": "admin: 65.000", "action_flag": 2, "change_message": "[{\"changed\": {\"fields\": [\"date\"]}}]"}}, {"model": "admin.logentry", "pk": 44, "fields": {"action_time": "2020-04-11T21:22:36.021Z", "user": 1, "content_type": 11, "object_id": "10", "object_repr": "2020-04-11: Raising Cane's", "action_flag": 1, "change_message": "[{\"added\": {}}]"}}, {"model": "admin.logentry", "pk": 45, "fields": {"action_time": "2020-04-11T21:22:48.935Z", "user": 1, "content_type": 11, "object_id": "10", "object_repr": "2020-04-12: Raising Cane's", "action_flag": 2, "change_message": "[{\"changed\": {\"fields\": [\"date\"]}}]"}}, {"model": "admin.logentry", "pk": 46, "fields": {"action_time": "2020-04-11T21:27:04.749Z", "user": 1, "content_type": 10, "object_id": "37", "object_repr": "admin: 65.000", "action_flag": 2, "change_message": "[{\"changed\": {\"fields\": [\"active\"]}}]"}}, {"model": "admin.logentry", "pk": 47, "fields": {"action_time": "2020-04-11T21:27:09.091Z", "user": 1, "content_type": 10, "object_id": "36", "object_repr": "admin: 76.000", "action_flag": 2, "change_message": "[{\"changed\": {\"fields\": [\"active\"]}}]"}}, {"model": "admin.logentry", "pk": 48, "fields": {"action_time": "2020-04-11T21:28:31.729Z", "user": 1, "content_type": 10, "object_id": "36", "object_repr": "admin: 76.000", "action_flag": 2, "change_message": "[]"}}, {"model": "admin.logentry", "pk": 49, "fields": {"action_time": "2020-04-11T21:28:35.322Z", "user": 1, "content_type": 10, "object_id": "37", "object_repr": "admin: 65.000", "action_flag": 2, "change_message": "[]"}}, {"model": "admin.logentry", "pk": 50, "fields": {"action_time": "2020-04-11T21:34:12.792Z", "user": 1, "content_type": 9, "object_id": "6", "object_repr": "Chknnnn Burger", "action_flag": 2, "change_message": "[{\"changed\": {\"fields\": [\"available_qty\", \"total\"]}}]"}}, {"model": "admin.logentry", "pk": 51, "fields": {"action_time": "2020-04-11T21:35:38.439Z", "user": 1, "content_type": 11, "object_id": "10", "object_repr": "2020-04-12: Raising Cane's", "action_flag": 3, "change_message": ""}}, {"model": "admin.logentry", "pk": 52, "fields": {"action_time": "2020-04-11T21:36:31.660Z", "user": 1, "content_type": 10, "object_id": "37", "object_repr": "admin: 65.000", "action_flag": 2, "change_message": "[{\"changed\": {\"fields\": [\"date\"]}}]"}}, {"model": "admin.logentry", "pk": 53, "fields": {"action_time": "2020-04-11T21:39:40.140Z", "user": 1, "content_type": 11, "object_id": "9", "object_repr": "2020-04-11: Raising Cane's", "action_flag": 3, "change_message": ""}}, {"model": "admin.logentry", "pk": 54, "fields": {"action_time": "2020-04-11T21:46:49.982Z", "user": 1, "content_type": 10, "object_id": "37", "object_repr": "admin: 10.000", "action_flag": 2, "change_message": "[{\"changed\": {\"fields\": [\"amount\"]}}]"}}, {"model": "admin.logentry", "pk": 55, "fields": {"action_time": "2020-04-11T21:46:54.457Z", "user": 1, "content_type": 10, "object_id": "36", "object_repr": "admin: 76.000", "action_flag": 3, "change_message": ""}}, {"model": "admin.logentry", "pk": 56, "fields": {"action_time": "2020-04-14T17:14:43.644Z", "user": 1, "content_type": 10, "object_id": "55", "object_repr": "admin: 1.000", "action_flag": 3, "change_message": ""}}, {"model": "admin.logentry", "pk": 57, "fields": {"action_time": "2020-04-14T17:14:43.649Z", "user": 1, "content_type": 10, "object_id": "54", "object_repr": "admin: 5.000", "action_flag": 3, "change_message": ""}}, {"model": "admin.logentry", "pk": 58, "fields": {"action_time": "2020-04-14T17:14:43.653Z", "user": 1, "content_type": 10, "object_id": "53", "object_repr": "admin: 1.000", "action_flag": 3, "change_message": ""}}, {"model": "admin.logentry", "pk": 59, "fields": {"action_time": "2020-04-14T17:14:43.655Z", "user": 1, "content_type": 10, "object_id": "52", "object_repr": "admin: 1.000", "action_flag": 3, "change_message": ""}}, {"model": "admin.logentry", "pk": 60, "fields": {"action_time": "2020-04-14T17:14:43.658Z", "user": 1, "content_type": 10, "object_id": "51", "object_repr": "admin: 1.000", "action_flag": 3, "change_message": ""}}, {"model": "admin.logentry", "pk": 61, "fields": {"action_time": "2020-04-14T17:14:43.660Z", "user": 1, "content_type": 10, "object_id": "50", "object_repr": "admin: 5.000", "action_flag": 3, "change_message": ""}}, {"model": "admin.logentry", "pk": 62, "fields": {"action_time": "2020-04-14T19:00:52.328Z", "user": 1, "content_type": 10, "object_id": "64", "object_repr": "admin: 5.000", "action_flag": 3, "change_message": ""}}, {"model": "admin.logentry", "pk": 63, "fields": {"action_time": "2020-04-14T19:00:52.332Z", "user": 1, "content_type": 10, "object_id": "63", "object_repr": "admin: 1.000", "action_flag": 3, "change_message": ""}}, {"model": "admin.logentry", "pk": 64, "fields": {"action_time": "2020-04-14T19:00:52.335Z", "user": 1, "content_type": 10, "object_id": "62", "object_repr": "admin: 1.000", "action_flag": 3, "change_message": ""}}, {"model": "admin.logentry", "pk": 65, "fields": {"action_time": "2020-04-14T19:00:52.337Z", "user": 1, "content_type": 10, "object_id": "61", "object_repr": "admin: 1.000", "action_flag": 3, "change_message": ""}}, {"model": "admin.logentry", "pk": 66, "fields": {"action_time": "2020-04-14T19:00:52.340Z", "user": 1, "content_type": 10, "object_id": "60", "object_repr": "admin: 1.000", "action_flag": 3, "change_message": ""}}, {"model": "admin.logentry", "pk": 67, "fields": {"action_time": "2020-04-14T20:02:30.475Z", "user": 1, "content_type": 10, "object_id": "69", "object_repr": "admin: 1.000", "action_flag": 3, "change_message": ""}}, {"model": "admin.logentry", "pk": 68, "fields": {"action_time": "2020-04-14T20:02:30.486Z", "user": 1, "content_type": 10, "object_id": "68", "object_repr": "admin: 1.000", "action_flag": 3, "change_message": ""}}, {"model": "admin.logentry", "pk": 69, "fields": {"action_time": "2020-04-14T20:02:30.489Z", "user": 1, "content_type": 10, "object_id": "67", "object_repr": "admin: 1.000", "action_flag": 3, "change_message": ""}}, {"model": "admin.logentry", "pk": 70, "fields": {"action_time": "2020-04-14T20:02:30.492Z", "user": 1, "content_type": 10, "object_id": "66", "object_repr": "admin: 1.000", "action_flag": 3, "change_message": ""}}, {"model": "admin.logentry", "pk": 71, "fields": {"action_time": "2020-04-14T20:02:30.495Z", "user": 1, "content_type": 10, "object_id": "65", "object_repr": "admin: 1.000", "action_flag": 3, "change_message": ""}}, {"model": "admin.logentry", "pk": 72, "fields": {"action_time": "2020-04-14T20:02:30.497Z", "user": 1, "content_type": 10, "object_id": "59", "object_repr": "admin: 1.000", "action_flag": 3, "change_message": ""}}, {"model": "admin.logentry", "pk": 73, "fields": {"action_time": "2020-04-14T20:02:30.499Z", "user": 1, "content_type": 10, "object_id": "58", "object_repr": "admin: 1.000", "action_flag": 3, "change_message": ""}}, {"model": "admin.logentry", "pk": 74, "fields": {"action_time": "2020-04-14T20:02:30.502Z", "user": 1, "content_type": 10, "object_id": "57", "object_repr": "admin: 1.000", "action_flag": 3, "change_message": ""}}, {"model": "admin.logentry", "pk": 75, "fields": {"action_time": "2020-04-14T20:02:30.504Z", "user": 1, "content_type": 10, "object_id": "56", "object_repr": "admin: 1.000", "action_flag": 3, "change_message": ""}}, {"model": "admin.logentry", "pk": 76, "fields": {"action_time": "2020-04-14T20:02:30.507Z", "user": 1, "content_type": 10, "object_id": "49", "object_repr": "admin: 1.000", "action_flag": 3, "change_message": ""}}, {"model": "admin.logentry", "pk": 77, "fields": {"action_time": "2020-04-14T20:02:30.509Z", "user": 1, "content_type": 10, "object_id": "48", "object_repr": "admin: 5.000", "action_flag": 3, "change_message": ""}}, {"model": "admin.logentry", "pk": 78, "fields": {"action_time": "2020-04-14T20:02:30.510Z", "user": 1, "content_type": 10, "object_id": "47", "object_repr": "admin: 5.000", "action_flag": 3, "change_message": ""}}, {"model": "admin.logentry", "pk": 79, "fields": {"action_time": "2020-04-14T20:02:30.512Z", "user": 1, "content_type": 10, "object_id": "46", "object_repr": "admin: 5.000", "action_flag": 3, "change_message": ""}}, {"model": "admin.logentry", "pk": 80, "fields": {"action_time": "2020-04-14T20:02:30.514Z", "user": 1, "content_type": 10, "object_id": "45", "object_repr": "admin: 5.000", "action_flag": 3, "change_message": ""}}, {"model": "admin.logentry", "pk": 81, "fields": {"action_time": "2020-04-14T20:08:10.558Z", "user": 1, "content_type": 11, "object_id": "17", "object_repr": "2020-04-14: Raising Cane's", "action_flag": 3, "change_message": ""}}, {"model": "admin.logentry", "pk": 82, "fields": {"action_time": "2020-04-14T20:08:10.569Z", "user": 1, "content_type": 11, "object_id": "16", "object_repr": "2020-04-14: Raising Cane's", "action_flag": 3, "change_message": ""}}, {"model": "admin.logentry", "pk": 83, "fields": {"action_time": "2020-04-14T20:08:10.573Z", "user": 1, "content_type": 11, "object_id": "15", "object_repr": "2020-04-14: Raising Cane's", "action_flag": 3, "change_message": ""}}]